{
    "quizes": [
        {
            "id": 0,
            "name": "Quiz 1",
            "questions": [
                {
                    "index": 0,
                    "question": "Is this a question?",
                    "choices": [
                        "Yes",
                        "No"
                    ],
                    "answer": 0
                },
                {
                    "index": 1,
                    "question": "Is the cake a lie?",
                    "choices": [
                        "Yes",
                        "No"
                    ],
                    "answer": 0
                },
                {
                    "index": 2,
                    "question": "This sentence is a lie.",
                    "choices": [
                        "True",
                        "False",
                        "OK"
                    ],
                    "answer": 2
                }
            ]
        }
    ],
    "allDecks": [
        {
            "id": 0,
            "name": "Pop Culture",
            "deck": [
                {
                    "index": 0,
                    "question": "Who lives in a pineapple under the sea?",
                    "answer": "SPONGEBOB SQUAREPANTS"
                },
                {
                    "index": 1,
                    "question": "The lead singer of this band went to see a marching band when he was a young boy",
                    "answer": "My Chemical Romance"
                },
                {
                    "index": 2,
                    "question": "Is Ace Attorney accurate?",
                    "answer": "No, the point of Ace Attorney is to show that the system is so broken that you have to break all laws and bring back the dead to find the truth."
                }
            ]
        }
    ]
}
