[{
        "id": 1,
        "date": 70000.0,
        "homeTeam" : "Happy Friends",
        "awayTeam" : "Team Team",
        "location": {
            "id": 2,
            "name": "IM Fields",
            "latitude": 41.157235,
            "longitude": -80.077996
        },
    },
    {
        "id": 2,
        "date": 72000,
        "homeTeam" : "Cougars",
        "awayTeam" : "Ravens",
        "location": {
            "id": 2,
            "name": "IM Fields",
            "latitude": 41.157235,
            "longitude": -80.077996
        },
    },
    {
        "id": 3,
        "date": 72500,
        "homeTeam" : "Eagles",
        "awayTeam" : "Strikers",
        "location": {
            "id": 2,
            "name": "IM Fields",
            "latitude": 41.157235,
            "longitude": -80.077996
        },
    },
    {
        "id": 4,
        "date": 74000,
        "homeTeam" : "Slide Tackles",
        "awayTeam" : "It's Soccer",
        "location": {
            "id": 2,
            "name": "IM Fields",
            "latitude": 41.157235,
            "longitude": -80.077996
        },
    },
    {
        "id": 5,
        "date": 75000,
        "homeTeam" : "Cougars",
        "awayTeam" : "Ravens",
        "location": {
            "id": 1,
            "name": "IM Rooms",
            "latitude": 41.157235,
            "longitude": -80.077996
        },
    }
]


