{"num_injury_types":2,
    "injuries": [{
        "injury_type": "back",
        "id": 0,
        "injury_type_list": [{
            "body_part_name": "Trapezius",
            "id": 0,
            "exercises": [{
                "id": 0,
                "video_name": "Upper Trapezius Stretch",
                "video_thumbnail": "http://img.youtube.com/vi/uwLcpgIqpnU/0.jpg",
                "video_id": "uwLcpgIqpnU",
                "video_url": "https://www.youtube.com/watch?v=uwLcpgIqpnU",
                "num_sets": 2,
                "time_per_set": 30
            },{
                "id": 1,
                "video_name": "Prone Row",
                "video_thumbnail": "http://img.youtube.com/vi/5Y6xih1xtOM/0.jpg",
                "video_id": "5Y6xih1xtOM",
                "video_url": "https://www.youtube.com/watch?v=5Y6xih1xtOM",
                "num_sets": 2,
                "time_per_set": 60
            }]
        }, {
            "body_part_name": "Latissimus Dorsi",
            "id": 1,
            "exercises": [{
                "id": 2,
                "video_name": "Latissimus Dorsi Strengthening",
                "video_thumbnail": "http://img.youtube.com/vi/T-pyUsduKBY/0.jpg",
                "video_id": "T-pyUsduKBY",
                "video_url": "https://www.youtube.com/watch?v=T-pyUsduKBY",
                "num_sets": 2,
                "time_per_set": 60
            }]
        }, {
            "body_part_name": "Lumbar",
            "id": 2,
            "exercises": [{
                "id": 19,
                "video_name": "Child's Pose",
                "video_thumbnail": "http://img.youtube.com/vi/nMp3MlTz9fA/0.jpg",
                "video_id": "nMp3MlTz9fA",
                "video_url": "https://youtu.be/nMp3MlTz9fA",
                "num_sets": 2,
                "time_per_set": 30,
                "description": "This traditional yoga pose gently stretches your gluteus maximus, thigh muscles, and spinal extensors. It helps relieve pain and tension all along your spine, neck, and shoulders."
            }, {
                "id":20,
                "video_name": "Knee-to-Chest Stretch",
                "video_thumbnail": "http://img.youtube.com/vi/o8gAyDUh2bs/0.jpg",
                "video_id": "o8gAyDUh2bs",
                "video_url": "https://youtu.be/o8gAyDUh2bs",
                "num_sets": 2,
                "time_per_set": 30,
                "description": "This stretch relaxes your hips, thighs, and glutes while promoting overall relaxation."
            }, {
                "id":21,
                "video_name": "Piriformis Stretch",
                "video_thumbnail": "http://img.youtube.com/vi/iL19XaxMmP4/0.jpg",
                "video_id": "iL19XaxMmP4",
                "video_url": "https://youtu.be/iL19XaxMmP4",
                "num_sets": 2,
                "time_per_set": 30,
                "description": "This stretch works your piriformis muscle, which is found deep in your buttocks. Stretching this muscle may help relieve pain and tightness in your buttocks and lower back."
            }, {
                "id":22,
                "video_name": "Seated Spinal Twist",
                "video_thumbnail": "http://img.youtube.com/vi/4faLXO2bLFU/0.jpg",
                "video_id": "4faLXO2bLFU",
                "video_url": "https://youtu.be/4faLXO2bLFU",
                "num_sets": 3,
                "time_per_set": 20
            }]
        }]
    },{
        "injury_type": "leg",
        "id": 1,
        "injury_type_list": [{
            "body_part_name": "Meniscus",
            "id": 0,
            "exercises": [{
                "id": 3,
                "video_name": "Quadriceps Isometric Set",
                "video_thumbnail": "http://img.youtube.com/vi/HscSsKwohoQ/0.jpg",
                "video_id": "HscSsKwohoQ",
                "video_url": "https://youtu.be/HscSsKwohoQ",
                "num_sets": 2,
                "time_per_set": 60
            },{
                "id": 4,
                "video_name": "Straight Leg Raises",
                "video_thumbnail": "http://img.youtube.com/vi/kMhEoP0fYWA/0.jpg",
                "video_id": "kMhEoP0fYWA",
                "video_url": "https://youtu.be/kMhEoP0fYWA",
                "num_sets": 2,
                "time_per_set": 60
            }]
        }, {
            "body_part_name": "Quadricep",
            "id": 1,
            "exercises": [{
                "id": 14,
                "video_name": "Standing Quadricep Stretch",
                "video_thumbnail": "http://img.youtube.com/vi/Uwwuc8pRRc0/0.jpg",
                "video_id": "Uwwuc8pRRc0",
                "video_url": "https://youtu.be/Uwwuc8pRRc0",
                "num_sets": 4,
                "time_per_set": 30
            }, {
                "id": 15,
                "video_name": "Lunge Position Quadriceps Stretch",
                "video_thumbnail": "http://img.youtube.com/vi/puuWqHATgic/0.jpg",
                "video_id": "puuWqHATgic",
                "video_url": "https://youtu.be/puuWqHATgic",
                "num_sets": 4,
                "time_per_set": 30
            }]
        }, {
            "body_part_name": "Shin and Calf",
            "id": 2,
            "exercises": [{
                "id": 16,
                "video_name": "Soleus calf stretch",
                "video_thumbnail": "http://img.youtube.com/vi/kNm6qFnOiIw/0.jpg",
                "video_id": "kNm6qFnOiIw",
                "video_url": "https://youtu.be/kNm6qFnOiIw",
                "num_sets": 4,
                "time_per_set": 30
            }, {
                "id": 17,
                "video_name": "Achilles tendon standing stretch",
                "video_thumbnail": "http://img.youtube.com/vi/Lps4pVsHuWU/0.jpg",
                "video_id": "Lps4pVsHuWU",
                "video_url": "https://youtu.be/Lps4pVsHuWU",
                "num_sets": 4,
                "time_per_set": 30
            }, {
                "id": 18,
                "video_name": "Gastrocnemius calf stretch",
                "video_thumbnail": "http://img.youtube.com/vi/y01ri_43G50/0.jpg",
                "video_id": "y01ri_43G50",
                "video_url": "https://youtu.be/y01ri_43G50",
                "num_sets": 4,
                "time_per_set": 30
            }]
        }, {
            "body_part_name": "IT Band",
            "id": 3,
            "exercises": [{
                "id": 5,
                "video_name": "Figure-4 Bridge",
                "video_thumbnail": "http://img.youtube.com/vi/On7ATwzBUT4/0.jpg",
                "video_id": "On7ATwzBUT4",
                "video_url": "https://youtu.be/On7ATwzBUT4",
                "num_sets": 3,
                "time_per_set": 30,
                "description": "The Figure-4 Bridge opens up the hip and glute while allowing for a deeper stretch where the IT band attaches to the hip."
            }]
        },{
            "body_part_name": "Knee Joint",
            "id": 4,
            "exercises": [{
                "id": 6,
                "video_name": "Clamshell Exercise",
                "video_thumbnail": "http://img.youtube.com/vi/aQVApsdOLSI/0.jpg",
                "video_id": "aQVApsdOLSI",
                "video_url": "https://youtu.be/aQVApsdOLSI",
                "num_sets": 3,
                "time_per_set": 30
            },{
                "id": 7,
                "video_name": "Quadriceps Stretch",
                "video_thumbnail": "http://img.youtube.com/vi/l83s6t8VWsE/0.jpg",
                "video_id": "l83s6t8VWsE",
                "video_url": "https://youtu.be/l83s6t8VWsE",
                "num_sets": 2,
                "time_per_set": 60
            }]
        }]
        
    }, {
        "injury_type": "arm",
        "id": 2,
        "injury_type_list": [{
            "body_part_name": "Forearm",
            "id": 0,
            "exercises": [{
                "id": 8,
                "video_name": "Wrist Flexion",
                "video_thumbnail": "http://img.youtube.com/vi/gMl9dFSOehs/0.jpg",
                "video_id": "gMl9dFSOehs",
                "video_url": "https://youtu.be/gMl9dFSOehs",
                "num_sets": 3,
                "time_per_set": 10
            },{
                "id": 9,
                "video_name": "Wrist Extension",
                "video_thumbnail": "http://img.youtube.com/vi/cOYA0cTIwzM/0.jpg",
                "video_id": "cOYA0cTIwzM",
                "video_url": "https://youtu.be/cOYA0cTIwzM",
                "num_sets": 3,
                "time_per_set": 10
            }]
        }, {
            "body_part_name": "Bicep",
            "id": 1,
            "exercises": [{
                "id": 10,
                "video_name": "Seated Bicep Stretch",
                "video_thumbnail": "http://img.youtube.com/vi/iRwgs7kTqJo/0.jpg",
                "video_id": "iRwgs7kTqJo",
                "video_url": "https://youtu.be/iRwgs7kTqJo",
                "num_sets": 3,
                "time_per_set": 10
            },{
                "id": 11,
                "video_name": "Wall Bicep Stretch",
                "video_thumbnail": "http://img.youtube.com/vi/QY4gCIYbGQk/0.jpg",
                "video_id": "QY4gCIYbGQk",
                "video_url": "https://youtu.be/QY4gCIYbGQk",
                "num_sets": 3,
                "time_per_set": 10
            }]
        }]
    }, {
        "injury_type": "neck and shoulder",
        "id": 3,
        "injury_type_list": [{
            "body_part_name": "Neck",
            "id": 0,
            "exercises": [{
                "id": 12,
                "video_name": "Levator Scapulae Stretch",
                "video_thumbnail": "http://img.youtube.com/vi/Sl19P-Xi2nY/0.jpg",
                "video_id": "Sl19P-Xi2nY",
                "video_url": "https://youtu.be/Sl19P-Xi2nY",
                "num_sets": 2,
                "time_per_set": 30
                }]
            }, {
            "body_part_name": "Rotator Cuff",
            "id": 1,
            "exercises": [{
                "id": 13,
                "video_name": "Rotator Cuff Stretch",
                "video_thumbnail": "http://img.youtube.com/vi/luoiGpT4PJ8/0.jpg",
                "video_id": "luoiGpT4PJ8",
                "video_url": "https://youtu.be/luoiGpT4PJ8",
                "num_sets": 8,
                "time_per_set": 30
                }]
            }]
        }
    ]
}
