{
    "Items":[
        {
            "Week": 1,
            "WeeklyNet": 0.0,
            "Entries":[
            ]
        },
        {
            "Week": 2,
            "WeeklyNet": 0.0,
            "Entries":[
            ]
        },
        {
            "Week": 3,
            "WeeklyNet": 0.0,
            "Entries":[
            ]
        },
        {
            "Week": 4,
            "WeeklyNet": 0.0,
            "Entries":[
            ]
        },
        {
            "Week": 5,
            "WeeklyNet": 0.0,
            "Entries":[
            ]
        },
        {
            "Week": 6,
            "WeeklyNet": 0.0,
            "Entries":[
            ]
        },
        {
            "Week": 7,
            "WeeklyNet": 0.0,
            "Entries":[
            ]
        },
        {
            "Week": 8,
            "WeeklyNet": 0.0,
            "Entries":[
            ]
        },
        {
            "Week": 9,
            "WeeklyNet": 0.0,
            "Entries":[
            ]
        },
        {
            "Week": 10,
            "WeeklyNet": 0.0,
            "Entries":[
            ]
        },
        {
            "Week": 11,
            "WeeklyNet": 0.0,
            "Entries":[
            ]
        },
        {
            "Week": 12,
            "WeeklyNet": 0.0,
            "Entries":[
            ]
        },
        {
            "Week": 13,
            "WeeklyNet": 0.0,
            "Entries":[
            ]
        },
        {
            "Week": 14,
            "WeeklyNet": 0.0,
            "Entries":[
            ]
        },
        {
            "Week": 15,
            "WeeklyNet": 0.0,
            "Entries":[
            ]
        },
        {
            "Week": 16,
            "WeeklyNet": 0.0,
            "Entries":[
            ]
        },
        {
            "Week": 17,
            "WeeklyNet": 0.0,
            "Entries":[
            ]
        },
        {
            "Week": 18,
            "WeeklyNet": 0.0,
            "Entries":[
            ]
        },
        {
            "Week": 19,
            "WeeklyNet": 0.0,
            "Entries":[
            ]
        },
        {
            "Week": 20,
            "WeeklyNet": 0.0,
            "Entries":[
            ]
        },
        {
            "Week": 21,
            "WeeklyNet": 0.0,
            "Entries":[
            ]
        },
        {
            "Week": 22,
            "WeeklyNet": 0.0,
            "Entries":[
            ]
        },
        {
            "Week": 23,
            "WeeklyNet": 0.0,
            "Entries":[
            ]
        },
        {
            "Week": 24,
            "WeeklyNet": 0.0,
            "Entries":[
            ]
        },
        {
            "Week": 25,
            "WeeklyNet": 0.0,
            "Entries":[
            ]
        },
        {
            "Week": 26,
            "WeeklyNet": 0.0,
            "Entries":[
            ]
        },
        {
            "Week": 27,
            "WeeklyNet": 0.0,
            "Entries":[
            ]
        },
        {
            "Week": 28,
            "WeeklyNet": 0.0,
            "Entries":[
            ]
        },
        {
            "Week": 29,
            "WeeklyNet": 0.0,
            "Entries":[]
        },
        {
            "Week": 30,
            "WeeklyNet": 0.0,
            "Entries":[]
        },
        {
            "Week": 31,
            "WeeklyNet": 0.0,
            "Entries":[]
        },
        {
            "Week": 32,
            "WeeklyNet": 0.0,
            "Entries":[]
        },
        {
            "Week": 33,
            "WeeklyNet": 0.0,
            "Entries":[]
        },
        {
            "Week": 34,
            "WeeklyNet": 0.0,
            "Entries":[]
        },
        {
            "Week": 35,
            "WeeklyNet": 0.0,
            "Entries":[]
        },
        {
            "Week": 36,
            "WeeklyNet": 0.0,
            "Entries":[]
        },
        {
            "Week": 37,
            "WeeklyNet": 0.0,
            "Entries":[]
        },
        {
            "Week": 38,
            "WeeklyNet": 0.0,
            "Entries":[]
        },
        {
            "Week": 39,
            "WeeklyNet": 0.0,
            "Entries":[]
        },
        {
            "Week": 40,
            "WeeklyNet": 0.0,
            "Entries":[ ]
        },
        {
            "Week": 41,
            "WeeklyNet": 0.0,
            "Entries":[ ]
        },
        {
            "Week": 42,
            "WeeklyNet": 0.0,
            "Entries":[ ]
        },
        {
            "Week": 43,
            "WeeklyNet": 0.0,
            "Entries":[ ]
        },
        {
            "Week": 44,
            "WeeklyNet": 0.0,
            "Entries":[]
        },
        {
            "Week": 45,
            "WeeklyNet": 0.0,
            "Entries":[ ]
        },
        {
            "Week": 46,
            "WeeklyNet": 0.0,
            "Entries":[ ]
        },
        {
            "Week": 47,
            "WeeklyNet": 0.0,
            "Entries":[ ]
        },
        {
            "Week": 48,
            "WeeklyNet": 0.0,
            "Entries":[ ]
        },
        {
            "Week": 49,
            "WeeklyNet": 0.00,
            "Entries":[]
        },
        {
            "Week": 50,
            "WeeklyNet": 0.00,
            "Entries":[
            ]
        },
        {
            "Week": 51,
            "WeeklyNet": 0.0,
            "Entries":[ ]
        },
        {
            "Week": 52,
            "WeeklyNet": 0.0,
            "Entries":[ ]
        },
        {
            "Week": 53,
            "WeeklyNet": 0.0,
            "Entries":[ ]
        }

    ]
    
    
}
