[
    {
        "name" : "Football",
        "image" : "football",
        "a_league":[
            {
                "id": 1,
                "name":"Happy Friends",
                "image":"face.smiling",
                "league":"A-League",
                "win":12,
                "tie":0,
                "loss":1,
                "members":["Chris Gerello(Captain)", "Zack O'Brien", "Sean Matthews", "Riley Truit", "Grace Barnes", "Thomas St John", "Kat Shi"]
            },
            {
                "id": 2,
                "name":"Team Team",
                "image":"hands.sparkles",
                "league":"A-League",
                "win":3,
                "tie":3,
                "loss":3,
                "members":["Felecia Grossier (Captain)", "Marc Barmby","Tamiko Forsbey", "Stan Wedmore", "Bette-ann Kellough", "Mufinella Rispine", "Leigh Hodinton", "Ramonda Tomblings", "Earl MacKessock", "Cece Kidsley"]
            },
            {
                "id": 3,
                "name":"Texans",
                "image":"fossil.shell",
                "league":"A-League",
                "win":3,
                "tie":3,
                "loss":3,
                "members":["Jaci Banda (Captain)","Austin Cordova","Abigayle Mack","Janell Luciano","Moses Mosier","Pablo Marshall","Kristopher McCormick","April Kang","Lester Bradshaw","Keana Eason"]
            }
        ],
        "b_league":[
            {
                "id": 1,
                "name":"Cougars",
                "image":"pawprint.circle",
                "league":"B-League",
                "win":12,
                "tie":0,
                "loss":1,
                "members":["Abbigail Gable (Captain)","Darrian Blakely","Regina Hickey","Lee Eads","Chancellor Looney","Dan Peyton","Ryleigh Ziegler","Kolby Chaney","Eve McLeod","Mindy Urbina"]
            },
            {
                "id": 2,
                "name":"Falcons",
                "image":"wind.circle",
                "league":"B-League",
                "win":3,
                "tie":3,
                "loss":3,
                "members":["Dejuan Shepherd (Captain)","Keyla Mcnabb","Jasmin Maki","Conner Knutson","Ramsey Newkirk","Lela Quick","Tahj Hamby","Byron Espino","Kassandra Crocker","Victor Shanks"]
            },
            {
                "id": 3,
                "name":"Ravens",
                "image":"bird",
                "league":"B-League",
                "win":3,
                "tie":3,
                "loss":3,
                "members":["Jayda Paxton (Captain)","Dakotah Vazquez","Ryland Villa","Cailin Lomax","Jensen Fitzgerald","Alex Read","Jailyn Starling","Stetson Leary","Arman Palacios","Herman Childers",]
            }
        ],
        "c_league":[
            {
                "id": 1,
                "name":"Hawks",
                "image":"bird",
                "league":"C-League",
                "win":11,
                "tie":1,
                "loss":1,
                "members":["Ryland Bernard (Captain)","Kai Dell","Jennah Nowak","Asa Lindley","Colleen Christiansen","Luc Castle","Chandler Tucker","Christion Velasco","Lyndsey Hacker","Olivia Tyler"]
            },
            {
                "id": 2,
                "name":"Elephants",
                "image":"tropicalstorm.circle",
                "league":"C-League",
                "win":3,
                "tie":3,
                "loss":5,
                "members":["Itzel Sheffield (Captain)","Madelyn Castellano","Cruz Tolbert","Bree Hanson","Charlene Bader","Blayne Lightfoot","Conrad Dickens","Selena Aaron","Kaylee Lockwood","Gwendolyn Jacoby"]
            },
            {
                "id": 3,
                "name":"Clams",
                "image":"water.waves",
                "league":"C-League",
                "win":5,
                "tie":3,
                "loss":3,
                "members":["Toby Dowling (Captain)","Jairo Brackett","Raven Wolford","Theron Apodaca","Donnell Hubert","Darrius Kuykendall","Treasure Eller","Katia Caruso","Rylie Glover","Donna Peter"]
            }
        ]
    },
    {
        "name" : "Basketball",
        "image" : "basketball",
        "a_league":[
            {
                "id": 1,
                "name":"Oranges",
                "image":"circle.fill",
                "league":"A-League",
                "win":10,
                "tie":0,
                "loss":2,
                "members":["Nathalia Boyles (Captain)","Jaylin Gagne","Kenia Trevino","Kendal Dowdy","Travion Gallardo","Diego Richard","Carlos Tully","Savannah Thomason","Asa Lemons","Geoffrey Boyce"]
            },
            {
                "id": 2,
                "name":"Hoppers",
                "image":"figure.jumprope",
                "league":"A-League",
                "win":9,
                "tie":3,
                "loss":3,
                "members":["Josefina Dodson (Captain)","Ryland Harper","Heaven Gomez","Katelynn Derosa","Chyna Newsome","Dontae Leslie","Jewel Lucero","Yvonne Byrnes","Heidi Hogan","Everett Beck"]
            },
            {
                "id": 3,
                "name":"Tigers",
                "image":"pawprint",
                "league":"A-League",
                "win":3,
                "tie":3,
                "loss":3,
                "members":["Yamilet Bruns (Captain)","Haden Rubio","Cathy Dobson","Ronnie Rosales","Casandra Mcmillen","Kellen Schwab","Victor Groves","Ximena Casillas","Tionna Linton","Beatriz James"]
            }
        ],
        "b_league":[
            {
                "id": 1,
                "name":"Sharks",
                "image":"figure.surfing",
                "league":"B-League",
                "win":1,
                "tie":0,
                "loss":12,
                "members":["Jacoby Abreu (Captain)","Blanca Felix","Fletcher Landis","Sophia Moreau","Camryn Glaser","Betsy Hein","Bridger Ly","Stacey Christensen","Jeffrey Gary","Jessi Dube"]
            },
            {
                "id": 2,
                "name":"Believers",
                "image":"heart.circle",
                "league":"B-League",
                "win":7,
                "tie":3,
                "loss":3,
                "members":["Karsyn Andrus (Captain)","Deion Schmid","Aliza Clough","Tomas Riggins","Cristian Swift","Kristina Caldwell","Lauryn Bello","Tianna Kiefer","Dakota Burton","Madelin Latham"]
            },
            {
                "id": 3,
                "name":"Canada",
                "image":"c.circle",
                "league":"B-League",
                "win":4,
                "tie":3,
                "loss":6,
                "members":["Rochelle Kirk (Captain)","Margarita Leary","Derrick Mackenzie","Giancarlo Gerber","Priscila Casas","Kelly Medley","Kourtney King","Drew Montoya","Moses Drury","Kenya Munson"]
            }
        ],
        "c_league":[
            {
                "id": 1,
                "name":"Tomcats",
                "image":"t.circle",
                "league":"C-League",
                "win":5,
                "tie":0,
                "loss":5,
                "members":["Alannah Wilcox (Captain)","Clifford Kemp","Tanisha Millan","Darrian Wiggins","Brent Pendleton","Fallon Santos","Donnie Bagwell","Cedrick Forbes","Guadalupe Callaway","Lora Crum"]
            },
            {
                "id": 2,
                "name":"Turkies",
                "image":"x.circle.fill",
                "league":"C-League",
                "win":2,
                "tie":2,
                "loss":6,
                "members":["Frida Harter (Captain)","Ignacio Duarte","Jaylon Shaver","Holden Bird","Magaly Leahy","Armani Arteaga","Anai Reinhart","Triston Willey","Brian Chamberlain","Samson Griggs"]
            },
            {
                "id": 3,
                "name":"Goats",
                "image":"trophy",
                "league":"C-League",
                "win":5,
                "tie":2,
                "loss":3,
                "members":["Deonte Sheets (Captain)","Brandyn Napier","Jayme Stacy","Caden Muller","Rylee Hollins","Jamie Wren","Bennett Krueger","Amelia Rooney","Lacie Hammond","Brandy Babb"]
            }
        ]
    },
    {
        "name" : "Ping Pong",
        "image" : "figure.table.tennis",
        "a_league":[
            {
                "id": 1,
                "name":"Bald Guy",
                "image":"person",
                "league":"A-League",
                "win":12,
                "tie":0,
                "loss":1,
                "members":["Zack O'Brien"]
            },
            {
                "id": 2,
                "name":"Bad",
                "image":"sun.max.trianglebadge.exclamationmark.fill",
                "league":"A-League",
                "win":0,
                "tie":0,
                "loss":15,
                "members":["Kevin Hemby"]
            },
            {
                "id": 3,
                "name":"Coding Guy",
                "image":"laptopcomputer.and.iphone",
                "league":"A-League",
                "win":10,
                "tie":3,
                "loss":3,
                "members":["Sean Matthews"]
            }
        ],
        "b_league":[
            {
                "id": 1,
                "name":"Tall",
                "image":"lines.measurement.horizontal",
                "league":"B-League",
                "win":1,
                "tie":0,
                "loss":1,
                "members":["Chris Gerello"]
            },
            {
                "id": 2,
                "name":"Team 3",
                "image":"die.face.3",
                "league":"B-League",
                "win":0,
                "tie":0,
                "loss":10,
                "members":["Amy Cunningham"]
            },
            {
                "id": 3,
                "name":"Barnes",
                "image":"house",
                "league":"B-League",
                "win":10,
                "tie":3,
                "loss":3,
                "members":["Grace Barnes"]
            }
        ],
        "c_league":[
            {
                "id": 1,
                "name":"Tall Man",
                "image":"lines.measurement.horizontal",
                "league":"C-League",
                "win":12,
                "tie":0,
                "loss":1,
                "members":["Dean O'Toole"]
            },
            {
                "id": 2,
                "name":"Zack",
                "image":"eye",
                "league":"C-League",
                "win":3,
                "tie":3,
                "loss":3,
                "members":["Zack O'Brien"]
            },
            {
                "id": 3,
                "name":"Afro",
                "image":"cloud.sun.bolt",
                "league":"C-League",
                "win":3,
                "tie":3,
                "loss":3,
                "members":["Sean Matthews"]
            }
        ]
    },
    {
        "name" : "Soccer",
        "image" : "soccerball",
        "a_league":[
            {
                "id": 1,
                "name":"Strikers",
                "image":"figure.soccer",
                "league":"A-League",
                "win":10,
                "tie":2,
                "loss":1,
                "members":["Junior Henley (Captain)","Corinne Marino","Sariah Volk","Brook Schwarz","Kelvin Petty","Chase Peck","Elaine Kirkland","Dominique Mortensen","Ambria Alvarez","Carol Sloan"]
            },
            {
                "id": 2,
                "name":"Saves Alot",
                "image":"square.and.arrow.down.fill",
                "league":"A-League",
                "win":3,
                "tie":3,
                "loss":3,
                "members":["Chandler Vitale (Captain)","Johnny Coffman","Keaton Grier","Karson Augustine","Adrianna Montes","Juanita Cadena","Drake Coronado","Tyreke Kirsch","Ervin Mason","Kaia Coombs"]
            },
            {
                "id": 3,
                "name":"Eagles",
                "image":"swift",
                "league":"A-League",
                "win":3,
                "tie":3,
                "loss":3,
                "members":["Robin Fleming (Captain)","Dianna Starr","Darrien Vargas","Floyd Ko","Rylie Sharp","Ronnie Gauthier","Stevie McKenna","Shae Beckham","Dorien Palmer","Katarina Hemphill"]
            }
        ],
        "b_league":[
            {
                "id": 1,
                "name":"Slide Tackles",
                "image":"slider.horizontal.below.rectangle",
                "league":"B-League",
                "win":12,
                "tie":0,
                "loss":1,
                "members":["Dominic Matlock (Captain)","Jacob Proctor","Jayson Coley","Hailee Rubin","Mackenzie Masters","Haden Goodwin","Layton Clinton","Randall Herrick","Tia Barone","Ava Jensen"]
            },
            {
                "id": 2,
                "name":"It's Soccer",
                "image":"soccerball.inverse",
                "league":"B-League",
                "win":3,
                "tie":5,
                "loss":3,
                "members":["Tracy Ashcraft (Captain)","Lisette Lorenz","Tea Steffen","Irene Starnes","Miles Godinez","Santana Wheatley","Jazlynn Rafferty","Mallory Crenshaw","Jordyn Tong","Jonathon Redding"]
            },
            {
                "id": 3,
                "name":"Football",
                "image":"figure.australian.football",
                "league":"B-League",
                "win":3,
                "tie":5,
                "loss":3,
                "members":["Aliah Petersen (Captain)","Amina Bryson","Kendall Jeffery","Yasmine Rhoads","Fletcher Gillette","Colby Rao","Jajuan Mace","Terrence Lehmann","Dajah McNeill","Linnea Carey"]
            }
        ],
        "c_league":[
            {
                "id": 1,
                "name":"FC Barcelona",
                "image":"checkerboard.shield",
                "league":"C-League",
                "win":6,
                "tie":0,
                "loss":6,
                "members":["Jada Healey (Captain)","Augustine Elkins","Ryland McDowell","Gissell Richardson","Mckayla Bateman","Danika Kumar","Ayana Huggins","Conor Finn","Kolton Lorenzo","Jodi Wall"]
            },
            {
                "id": 2,
                "name":"Bayern Munich",
                "image":"circle.hexagongrid.circle",
                "league":"C-League",
                "win":0,
                "tie":3,
                "loss":6,
                "members":["Rashawn Rivers (Captain)","Stuart Phelps","Carrington Gough","Xavier Stafford","Cayden Crane","Elvis Godwin","Tyrek Ebert","Adonis Karr","Ella Adamson","June Barrett"]
            },
            {
                "id": 3,
                "name":"Eintracht Frankfurt",
                "image":"bonjour",
                "league":"C-League",
                "win":10,
                "tie":3,
                "loss":0,
                "members":["Wilfredo Register","Dawn Richey","Austyn Mcneely","Kiarra Vines","Krysta Hutson","Lilianna Burge","Chloe McCloskey","Robin Frederick","Leland Wagoner","Gordon Guajardo"]
            }
        ]
    },
    {
        "name" : "Volleyball",
        "image" : "volleyball",
        "a_league":[
            {
                "id": 1,
                "name":"Spike",
                "image":"pencil.slash",
                "league":"A-League",
                "win":12,
                "tie":0,
                "loss":1,
                "members":["Ariel Girard (Captain)","Leyla Kern","Yusuf Kinsey","Mika Steinberg","Mikel Engel","Mariela Pinto","Karla Bess","Hollie Calloway","Anissa Chen","Maddison Tran"]
            },
            {
                "id": 2,
                "name":"Saves",
                "image":"checkmark.seal",
                "league":"A-League",
                "win":3,
                "tie":0,
                "loss":3,
                "members":["Rashawn Rivers (Captain)","Stuart Phelps","Carrington Gough","Xavier Stafford","Cayden Crane","Elvis Godwin","Tyrek Ebert","Adonis Karr","Ella Adamson","June Barrett"]
            },
            {
                "id": 3,
                "name":"Deers",
                "image":"laurel.trailing",
                "league":"A-League",
                "win":5,
                "tie":0,
                "loss":3,
                "members":["Toby Dowling (Captain)","Jairo Brackett","Raven Wolford","Theron Apodaca","Donnell Hubert","Darrius Kuykendall","Treasure Eller","Katia Caruso","Rylie Glover","Donna Peter"]
            }
        ],
        "b_league":[
            {
                "id": 1,
                "name":"Lions",
                "image":"microbe.circle.fill",
                "league":"B-League",
                "win":6,
                "tie":0,
                "loss":6,
                "members":["Mara Keck (Captain)","Kelly Austin","Corinne Hwang","Zaire Moon","Fernando Soares","Tevin Daniels","Draven Graber","Juwan Hicks","Ivonne Whalen","Tiara Crow"]
            },
            {
                "id": 2,
                "name":"Eagles",
                "image":"swift",
                "league":"B-League",
                "win":3,
                "tie":0,
                "loss":3,
                "members":["Joan Antonio (Captain)","Cain Devlin","Holland Oakes","Lydia Brice","Leighton Dooley","Janeth Venable","Nicklaus Southard","Turner Jay","Jacquez Melendez","Salvatore Manning",]
            },
            {
                "id": 3,
                "name":"Bulldogs",
                "image":"pawprint",
                "league":"B-League",
                "win":3,
                "tie":0,
                "loss":3,
                "members":["Messiah Ling (Captain)","Shane Uribe","Chris Noll","Hannah Anthony","Robert Cason","Zane Dube","Moriah Peace","Kalie Boucher","Elexis Mayhew","Jaylynn Sandlin"]
            }
        ],
        "c_league":[
            {
                "id": 1,
                "name":"Golden Tornadoes",
                "image":"tornado",
                "league":"C-League",
                "win":1,
                "tie":0,
                "loss":6,
                "members":["Gannon Poe","Jarett Watkins","Moshe Hardman","Frank Fernandes","River Guidry","Allen Munn","Kevon Redding","Dorothy Mangum","Ivana Kent","Jerrod Swann"]
            },
            {
                "id": 2,
                "name":"Wolverines",
                "image":"wonsign",
                "league":"C-League",
                "win":5,
                "tie":0,
                "loss":3,
                "members":["Jamya Frantz (Captain)","Micaela McCormack","Mina Coates","Kenneth Aiello","Caden Rust","Makenzie Dang","Kenton Story","Nolan Kowalski","Trevor Juarez","Kaliyah Brooks"]
            },
            {
                "id": 3,
                "name":"Mustangs",
                "image":"tortoise",
                "league":"C-League",
                "win":3,
                "tie":0,
                "loss":5,
                "members":["Kyra Trujillo (Captain)","Eboni Musser","Theron Quinones","Anders Mackenzie","Chassidy Moseley","Simeon Benavidez","Rocio Dyer","Jalyn Daniels","Javonte Womack","Katelyn Koch"]
            }
        ]
    }
]
